Aspect,Average Sentiment
0,0.43304583004472513
1,0.24785138339920948
2,0.680063198660247
3,0.5758990529247912
